,corr
CH_pfx_x_mean_5g_ratio,-0.05867544827592668
CS_pfx_x_mean_5g_ratio,
CU_pfx_x_mean_5g_ratio,-0.004734495148366231
FA_pfx_x_mean_5g_ratio,
FC_pfx_x_mean_5g_ratio,0.0017803422625040722
FF_pfx_x_mean_5g_ratio,0.020708468295524196
FS_pfx_x_mean_5g_ratio,0.0027647690501359456
KC_pfx_x_mean_5g_ratio,0.16455959805988296
KN_pfx_x_mean_5g_ratio,
PO_pfx_x_mean_5g_ratio,
SI_pfx_x_mean_5g_ratio,-0.015770938042340837
SL_pfx_x_mean_5g_ratio,0.005133486294925926
ST_pfx_x_mean_5g_ratio,-0.006002580259125035
SV_pfx_x_mean_5g_ratio,
CH_pfx_x_std_5g_ratio,-0.009310846031172023
CS_pfx_x_std_5g_ratio,
CU_pfx_x_std_5g_ratio,-0.00799148545220625
FA_pfx_x_std_5g_ratio,
FC_pfx_x_std_5g_ratio,-0.07099540709919991
FF_pfx_x_std_5g_ratio,-0.0016353820742783989
FS_pfx_x_std_5g_ratio,0.02238731769151823
KC_pfx_x_std_5g_ratio,0.039636411468479
KN_pfx_x_std_5g_ratio,
PO_pfx_x_std_5g_ratio,
SI_pfx_x_std_5g_ratio,0.01332308428559517
SL_pfx_x_std_5g_ratio,0.010104541895873648
ST_pfx_x_std_5g_ratio,0.003389657222803494
SV_pfx_x_std_5g_ratio,
CH_pfx_z_mean_5g_ratio,-0.0027836802212663795
CS_pfx_z_mean_5g_ratio,
CU_pfx_z_mean_5g_ratio,-0.00822846842753771
FA_pfx_z_mean_5g_ratio,
FC_pfx_z_mean_5g_ratio,0.06707865736316584
FF_pfx_z_mean_5g_ratio,0.02239686720573049
FS_pfx_z_mean_5g_ratio,0.007838486672014998
KC_pfx_z_mean_5g_ratio,0.27744234769586806
KN_pfx_z_mean_5g_ratio,
PO_pfx_z_mean_5g_ratio,
SI_pfx_z_mean_5g_ratio,-0.004894356372777306
SL_pfx_z_mean_5g_ratio,-0.023480238634098167
ST_pfx_z_mean_5g_ratio,5.800794052289465e-05
SV_pfx_z_mean_5g_ratio,
CH_pfx_z_std_5g_ratio,0.009023904608315836
CS_pfx_z_std_5g_ratio,
CU_pfx_z_std_5g_ratio,-0.01640777233560396
FA_pfx_z_std_5g_ratio,
FC_pfx_z_std_5g_ratio,-0.040383196024767525
FF_pfx_z_std_5g_ratio,-0.040034395791947015
FS_pfx_z_std_5g_ratio,0.012111302683300991
KC_pfx_z_std_5g_ratio,0.153240148614272
KN_pfx_z_std_5g_ratio,
PO_pfx_z_std_5g_ratio,
SI_pfx_z_std_5g_ratio,0.00332005885106305
SL_pfx_z_std_5g_ratio,-0.01733927520148903
ST_pfx_z_std_5g_ratio,-0.011215458956738315
SV_pfx_z_std_5g_ratio,
CH_release_pos_x_mean_5g_ratio,0.02710840328296592
CS_release_pos_x_mean_5g_ratio,
CU_release_pos_x_mean_5g_ratio,0.0029192525618323023
FA_release_pos_x_mean_5g_ratio,
FC_release_pos_x_mean_5g_ratio,-0.00620063240978117
FF_release_pos_x_mean_5g_ratio,0.002251819925679734
FS_release_pos_x_mean_5g_ratio,-0.04043146904442927
KC_release_pos_x_mean_5g_ratio,-0.04323546021867499
KN_release_pos_x_mean_5g_ratio,
PO_release_pos_x_mean_5g_ratio,
SI_release_pos_x_mean_5g_ratio,0.005816750894791827
SL_release_pos_x_mean_5g_ratio,-0.016996476941101683
ST_release_pos_x_mean_5g_ratio,-0.0009886929391704604
SV_release_pos_x_mean_5g_ratio,
CH_release_pos_x_std_5g_ratio,-0.0512140494856291
CS_release_pos_x_std_5g_ratio,
CU_release_pos_x_std_5g_ratio,-0.033323085113034036
FA_release_pos_x_std_5g_ratio,
FC_release_pos_x_std_5g_ratio,-0.04293297334178878
FF_release_pos_x_std_5g_ratio,-0.027840290886349477
FS_release_pos_x_std_5g_ratio,0.015903730660865083
KC_release_pos_x_std_5g_ratio,-0.030628303165318695
KN_release_pos_x_std_5g_ratio,
PO_release_pos_x_std_5g_ratio,
SI_release_pos_x_std_5g_ratio,-0.04214472688527628
SL_release_pos_x_std_5g_ratio,0.037962229078668266
ST_release_pos_x_std_5g_ratio,-0.12686675833583483
SV_release_pos_x_std_5g_ratio,
CH_release_pos_y_mean_5g_ratio,0.029169812882145447
CS_release_pos_y_mean_5g_ratio,
CU_release_pos_y_mean_5g_ratio,0.05514626737683469
FA_release_pos_y_mean_5g_ratio,
FC_release_pos_y_mean_5g_ratio,0.02719111169526782
FF_release_pos_y_mean_5g_ratio,0.05884348201720419
FS_release_pos_y_mean_5g_ratio,-0.011623304219022046
KC_release_pos_y_mean_5g_ratio,-0.02827764574091279
KN_release_pos_y_mean_5g_ratio,
PO_release_pos_y_mean_5g_ratio,
SI_release_pos_y_mean_5g_ratio,0.024547483225594493
SL_release_pos_y_mean_5g_ratio,0.028558065182093112
ST_release_pos_y_mean_5g_ratio,0.02424714234672769
SV_release_pos_y_mean_5g_ratio,
CH_release_pos_y_std_5g_ratio,-0.028890825799087402
CS_release_pos_y_std_5g_ratio,
CU_release_pos_y_std_5g_ratio,-0.0166066023356474
FA_release_pos_y_std_5g_ratio,
FC_release_pos_y_std_5g_ratio,-0.057569875928563795
FF_release_pos_y_std_5g_ratio,-0.017176510072370883
FS_release_pos_y_std_5g_ratio,-0.03893713166431534
KC_release_pos_y_std_5g_ratio,-0.04758074418450959
KN_release_pos_y_std_5g_ratio,
PO_release_pos_y_std_5g_ratio,
SI_release_pos_y_std_5g_ratio,-0.03351463009787432
SL_release_pos_y_std_5g_ratio,-0.0011738867070109078
ST_release_pos_y_std_5g_ratio,0.026176189759410298
SV_release_pos_y_std_5g_ratio,
CH_release_pos_z_mean_5g_ratio,-0.015535765290184364
CS_release_pos_z_mean_5g_ratio,
CU_release_pos_z_mean_5g_ratio,0.00842463324183171
FA_release_pos_z_mean_5g_ratio,
FC_release_pos_z_mean_5g_ratio,-0.0003157405324774791
FF_release_pos_z_mean_5g_ratio,-0.001096489585364389
FS_release_pos_z_mean_5g_ratio,0.05835323938871935
KC_release_pos_z_mean_5g_ratio,0.058754282266754276
KN_release_pos_z_mean_5g_ratio,
PO_release_pos_z_mean_5g_ratio,
SI_release_pos_z_mean_5g_ratio,-0.026945807691867378
SL_release_pos_z_mean_5g_ratio,0.022923931566526785
ST_release_pos_z_mean_5g_ratio,-0.02182107672847127
SV_release_pos_z_mean_5g_ratio,
CH_release_pos_z_std_5g_ratio,-0.01622966359611031
CS_release_pos_z_std_5g_ratio,
CU_release_pos_z_std_5g_ratio,-0.014304269202132418
FA_release_pos_z_std_5g_ratio,
FC_release_pos_z_std_5g_ratio,-0.02772947423455262
FF_release_pos_z_std_5g_ratio,-0.07550006045411312
FS_release_pos_z_std_5g_ratio,-0.005262516965444251
KC_release_pos_z_std_5g_ratio,0.00517607927815416
KN_release_pos_z_std_5g_ratio,
PO_release_pos_z_std_5g_ratio,
SI_release_pos_z_std_5g_ratio,-0.02969786990753366
SL_release_pos_z_std_5g_ratio,0.00273554709334567
ST_release_pos_z_std_5g_ratio,-0.057864090679866045
SV_release_pos_z_std_5g_ratio,
CH_release_speed_count_5g_ratio,-0.05352279185149684
CS_release_speed_count_5g_ratio,
CU_release_speed_count_5g_ratio,-0.040119626803342176
FA_release_speed_count_5g_ratio,
FC_release_speed_count_5g_ratio,-0.02406125082685553
FF_release_speed_count_5g_ratio,0.005053743097847538
FS_release_speed_count_5g_ratio,0.03885690562734791
KC_release_speed_count_5g_ratio,0.025468074534391004
KN_release_speed_count_5g_ratio,
PO_release_speed_count_5g_ratio,
SI_release_speed_count_5g_ratio,-0.006726258470672019
SL_release_speed_count_5g_ratio,-0.012363165480658514
ST_release_speed_count_5g_ratio,-0.07259188235825673
SV_release_speed_count_5g_ratio,
CH_release_speed_max_5g_ratio,-0.043036542462226296
CS_release_speed_max_5g_ratio,
CU_release_speed_max_5g_ratio,-0.017993092611164496
FA_release_speed_max_5g_ratio,
FC_release_speed_max_5g_ratio,-0.07252249566419676
FF_release_speed_max_5g_ratio,0.0034037937654593582
FS_release_speed_max_5g_ratio,0.0195788059991417
KC_release_speed_max_5g_ratio,-0.00956162879739355
KN_release_speed_max_5g_ratio,
PO_release_speed_max_5g_ratio,
SI_release_speed_max_5g_ratio,-0.054859108107115695
SL_release_speed_max_5g_ratio,-0.02004295268650502
ST_release_speed_max_5g_ratio,-0.05619836186153293
SV_release_speed_max_5g_ratio,
CH_release_speed_mean_5g_ratio,-0.02023397766132809
CS_release_speed_mean_5g_ratio,
CU_release_speed_mean_5g_ratio,-0.045171362784857526
FA_release_speed_mean_5g_ratio,
FC_release_speed_mean_5g_ratio,-0.05253011831922176
FF_release_speed_mean_5g_ratio,-0.011883759769631182
FS_release_speed_mean_5g_ratio,-0.009485562819298807
KC_release_speed_mean_5g_ratio,-0.07826584440417614
KN_release_speed_mean_5g_ratio,
PO_release_speed_mean_5g_ratio,
SI_release_speed_mean_5g_ratio,-0.03505111476142169
SL_release_speed_mean_5g_ratio,-0.029118475534538106
ST_release_speed_mean_5g_ratio,-0.03569005402054631
SV_release_speed_mean_5g_ratio,
CH_release_speed_min_5g_ratio,0.011131678149361678
CS_release_speed_min_5g_ratio,
CU_release_speed_min_5g_ratio,-0.03256555814889034
FA_release_speed_min_5g_ratio,
FC_release_speed_min_5g_ratio,-0.023410249970522483
FF_release_speed_min_5g_ratio,-0.004078413395458783
FS_release_speed_min_5g_ratio,-0.04591807182902189
KC_release_speed_min_5g_ratio,-0.06351747358623352
KN_release_speed_min_5g_ratio,
PO_release_speed_min_5g_ratio,
SI_release_speed_min_5g_ratio,-0.00072406269601882
SL_release_speed_min_5g_ratio,-0.01751809207025739
ST_release_speed_min_5g_ratio,0.01640990097591084
SV_release_speed_min_5g_ratio,
CH_release_speed_std_5g_ratio,-0.05645635150769379
CS_release_speed_std_5g_ratio,
CU_release_speed_std_5g_ratio,0.03181013221018007
FA_release_speed_std_5g_ratio,
FC_release_speed_std_5g_ratio,0.0022214349849228416
FF_release_speed_std_5g_ratio,0.006489281111277361
FS_release_speed_std_5g_ratio,0.037586900880857636
KC_release_speed_std_5g_ratio,0.0546607602382422
KN_release_speed_std_5g_ratio,
PO_release_speed_std_5g_ratio,
SI_release_speed_std_5g_ratio,-0.022579661171048718
SL_release_speed_std_5g_ratio,-0.02195479879930751
ST_release_speed_std_5g_ratio,-0.033466769826962665
SV_release_speed_std_5g_ratio,
CH_release_spin_rate_mean_5g_ratio,-0.02523070565046217
CS_release_spin_rate_mean_5g_ratio,
CU_release_spin_rate_mean_5g_ratio,0.005308056227158217
FA_release_spin_rate_mean_5g_ratio,
FC_release_spin_rate_mean_5g_ratio,-0.0006946757316146617
FF_release_spin_rate_mean_5g_ratio,0.007360416478422192
FS_release_spin_rate_mean_5g_ratio,0.05074300154798158
KC_release_spin_rate_mean_5g_ratio,0.06916493583658032
KN_release_spin_rate_mean_5g_ratio,
PO_release_spin_rate_mean_5g_ratio,
SI_release_spin_rate_mean_5g_ratio,-0.004864878506952222
SL_release_spin_rate_mean_5g_ratio,0.0100137840785754
ST_release_spin_rate_mean_5g_ratio,0.02170580693809958
SV_release_spin_rate_mean_5g_ratio,
CH_release_spin_rate_std_5g_ratio,-0.035785802895284026
CS_release_spin_rate_std_5g_ratio,
CU_release_spin_rate_std_5g_ratio,0.03131957261074032
FA_release_spin_rate_std_5g_ratio,
FC_release_spin_rate_std_5g_ratio,-0.026101267750492003
FF_release_spin_rate_std_5g_ratio,-0.003977897855030351
FS_release_spin_rate_std_5g_ratio,-0.014717338035863949
KC_release_spin_rate_std_5g_ratio,-0.024860612784486442
KN_release_spin_rate_std_5g_ratio,
PO_release_spin_rate_std_5g_ratio,
SI_release_spin_rate_std_5g_ratio,0.01843173984852249
SL_release_spin_rate_std_5g_ratio,-0.05521197301861604
ST_release_spin_rate_std_5g_ratio,-0.041551288738032655
SV_release_spin_rate_std_5g_ratio,
pitcher_lag1_5g_ratio,
CH_pfx_x_mean_lag1_5g_ratio,0.017090008982775393
CS_pfx_x_mean_lag1_5g_ratio,
CU_pfx_x_mean_lag1_5g_ratio,0.003549055917804694
FA_pfx_x_mean_lag1_5g_ratio,
FC_pfx_x_mean_lag1_5g_ratio,0.0071203246094104534
FF_pfx_x_mean_lag1_5g_ratio,0.04656318412359321
FS_pfx_x_mean_lag1_5g_ratio,-0.010097563924895291
KC_pfx_x_mean_lag1_5g_ratio,0.010080137159734878
KN_pfx_x_mean_lag1_5g_ratio,
PO_pfx_x_mean_lag1_5g_ratio,
SI_pfx_x_mean_lag1_5g_ratio,0.05018547094672378
SL_pfx_x_mean_lag1_5g_ratio,0.0017949531611898683
ST_pfx_x_mean_lag1_5g_ratio,-0.05774019366538619
SV_pfx_x_mean_lag1_5g_ratio,
CH_pfx_x_std_lag1_5g_ratio,0.0007549484935828339
CS_pfx_x_std_lag1_5g_ratio,
CU_pfx_x_std_lag1_5g_ratio,-0.0387800181439079
FA_pfx_x_std_lag1_5g_ratio,
FC_pfx_x_std_lag1_5g_ratio,-0.02044067134569825
FF_pfx_x_std_lag1_5g_ratio,0.021469388288678615
FS_pfx_x_std_lag1_5g_ratio,0.01876119823701981
KC_pfx_x_std_lag1_5g_ratio,0.006338667430918733
KN_pfx_x_std_lag1_5g_ratio,
PO_pfx_x_std_lag1_5g_ratio,
SI_pfx_x_std_lag1_5g_ratio,0.003829967214626304
SL_pfx_x_std_lag1_5g_ratio,0.0020204498868303497
ST_pfx_x_std_lag1_5g_ratio,0.018669785649002336
SV_pfx_x_std_lag1_5g_ratio,
CH_pfx_z_mean_lag1_5g_ratio,0.004976874879355784
CS_pfx_z_mean_lag1_5g_ratio,
CU_pfx_z_mean_lag1_5g_ratio,-0.012994161805020915
FA_pfx_z_mean_lag1_5g_ratio,
FC_pfx_z_mean_lag1_5g_ratio,-0.03575774120883066
FF_pfx_z_mean_lag1_5g_ratio,0.07437705492812645
FS_pfx_z_mean_lag1_5g_ratio,0.014193501905584048
KC_pfx_z_mean_lag1_5g_ratio,-0.06814305782791716
KN_pfx_z_mean_lag1_5g_ratio,
PO_pfx_z_mean_lag1_5g_ratio,
SI_pfx_z_mean_lag1_5g_ratio,-0.0006165588300482842
SL_pfx_z_mean_lag1_5g_ratio,-0.003084830012145593
ST_pfx_z_mean_lag1_5g_ratio,0.010000322437682698
SV_pfx_z_mean_lag1_5g_ratio,
CH_pfx_z_std_lag1_5g_ratio,-0.024296582182139106
CS_pfx_z_std_lag1_5g_ratio,
CU_pfx_z_std_lag1_5g_ratio,-0.029059031798987396
FA_pfx_z_std_lag1_5g_ratio,
FC_pfx_z_std_lag1_5g_ratio,-0.06214328376823403
FF_pfx_z_std_lag1_5g_ratio,0.03016271702263906
FS_pfx_z_std_lag1_5g_ratio,0.019559617886183482
KC_pfx_z_std_lag1_5g_ratio,-0.03596378230429896
KN_pfx_z_std_lag1_5g_ratio,
PO_pfx_z_std_lag1_5g_ratio,
SI_pfx_z_std_lag1_5g_ratio,0.035300256261907546
SL_pfx_z_std_lag1_5g_ratio,0.03146064706522511
ST_pfx_z_std_lag1_5g_ratio,-0.029557729845631313
SV_pfx_z_std_lag1_5g_ratio,
CH_release_pos_x_mean_lag1_5g_ratio,0.0006271558559026129
CS_release_pos_x_mean_lag1_5g_ratio,
CU_release_pos_x_mean_lag1_5g_ratio,-0.013218730306344762
FA_release_pos_x_mean_lag1_5g_ratio,
FC_release_pos_x_mean_lag1_5g_ratio,0.00577142310876947
FF_release_pos_x_mean_lag1_5g_ratio,-0.02018692627005515
FS_release_pos_x_mean_lag1_5g_ratio,-0.02042138455226367
KC_release_pos_x_mean_lag1_5g_ratio,0.027181895403597993
KN_release_pos_x_mean_lag1_5g_ratio,
PO_release_pos_x_mean_lag1_5g_ratio,
SI_release_pos_x_mean_lag1_5g_ratio,0.012307995582117042
SL_release_pos_x_mean_lag1_5g_ratio,-0.02259668955035068
ST_release_pos_x_mean_lag1_5g_ratio,-0.00019729118279947805
SV_release_pos_x_mean_lag1_5g_ratio,
CH_release_pos_x_std_lag1_5g_ratio,-0.009808079696018065
CS_release_pos_x_std_lag1_5g_ratio,
CU_release_pos_x_std_lag1_5g_ratio,0.010306792779354684
FA_release_pos_x_std_lag1_5g_ratio,
FC_release_pos_x_std_lag1_5g_ratio,0.02386570807035987
FF_release_pos_x_std_lag1_5g_ratio,0.052250275546609826
FS_release_pos_x_std_lag1_5g_ratio,0.003920291755621931
KC_release_pos_x_std_lag1_5g_ratio,0.03220624392733754
KN_release_pos_x_std_lag1_5g_ratio,
PO_release_pos_x_std_lag1_5g_ratio,
SI_release_pos_x_std_lag1_5g_ratio,0.010297080648806042
SL_release_pos_x_std_lag1_5g_ratio,0.019277325599050665
ST_release_pos_x_std_lag1_5g_ratio,-0.026493995826795493
SV_release_pos_x_std_lag1_5g_ratio,
CH_release_pos_y_mean_lag1_5g_ratio,0.013098023668075713
CS_release_pos_y_mean_lag1_5g_ratio,
CU_release_pos_y_mean_lag1_5g_ratio,0.05502740695658483
FA_release_pos_y_mean_lag1_5g_ratio,
FC_release_pos_y_mean_lag1_5g_ratio,0.04457952544409493
FF_release_pos_y_mean_lag1_5g_ratio,0.037366003896417574
FS_release_pos_y_mean_lag1_5g_ratio,0.05080390707348146
KC_release_pos_y_mean_lag1_5g_ratio,0.03377030633854874
KN_release_pos_y_mean_lag1_5g_ratio,
PO_release_pos_y_mean_lag1_5g_ratio,
SI_release_pos_y_mean_lag1_5g_ratio,0.0015541944417567617
SL_release_pos_y_mean_lag1_5g_ratio,0.00408996364754137
ST_release_pos_y_mean_lag1_5g_ratio,0.009495718420656553
SV_release_pos_y_mean_lag1_5g_ratio,
CH_release_pos_y_std_lag1_5g_ratio,0.004446894852336188
CS_release_pos_y_std_lag1_5g_ratio,
CU_release_pos_y_std_lag1_5g_ratio,0.021463891474050166
FA_release_pos_y_std_lag1_5g_ratio,
FC_release_pos_y_std_lag1_5g_ratio,-0.026539906750761406
FF_release_pos_y_std_lag1_5g_ratio,0.020530199510064007
FS_release_pos_y_std_lag1_5g_ratio,-0.08182069376492536
KC_release_pos_y_std_lag1_5g_ratio,0.04029558779252011
KN_release_pos_y_std_lag1_5g_ratio,
PO_release_pos_y_std_lag1_5g_ratio,
SI_release_pos_y_std_lag1_5g_ratio,0.004869397821311631
SL_release_pos_y_std_lag1_5g_ratio,-0.04213963426649087
ST_release_pos_y_std_lag1_5g_ratio,-0.0046950101787850435
SV_release_pos_y_std_lag1_5g_ratio,
CH_release_pos_z_mean_lag1_5g_ratio,0.01768553606211931
CS_release_pos_z_mean_lag1_5g_ratio,
CU_release_pos_z_mean_lag1_5g_ratio,-0.025490443387917276
FA_release_pos_z_mean_lag1_5g_ratio,
FC_release_pos_z_mean_lag1_5g_ratio,-0.023056150628833347
FF_release_pos_z_mean_lag1_5g_ratio,0.007170360553822456
FS_release_pos_z_mean_lag1_5g_ratio,0.04479535730631869
KC_release_pos_z_mean_lag1_5g_ratio,0.024505240329947307
KN_release_pos_z_mean_lag1_5g_ratio,
PO_release_pos_z_mean_lag1_5g_ratio,
SI_release_pos_z_mean_lag1_5g_ratio,-0.011751179145384672
SL_release_pos_z_mean_lag1_5g_ratio,0.04876534257993342
ST_release_pos_z_mean_lag1_5g_ratio,-0.055843978129579634
SV_release_pos_z_mean_lag1_5g_ratio,
CH_release_pos_z_std_lag1_5g_ratio,-0.02436908344368876
CS_release_pos_z_std_lag1_5g_ratio,
CU_release_pos_z_std_lag1_5g_ratio,-0.01925793058707693
FA_release_pos_z_std_lag1_5g_ratio,
FC_release_pos_z_std_lag1_5g_ratio,-0.03726910626002948
FF_release_pos_z_std_lag1_5g_ratio,0.022516423159388062
FS_release_pos_z_std_lag1_5g_ratio,0.008963359782558206
KC_release_pos_z_std_lag1_5g_ratio,0.07217754617077506
KN_release_pos_z_std_lag1_5g_ratio,
PO_release_pos_z_std_lag1_5g_ratio,
SI_release_pos_z_std_lag1_5g_ratio,-0.0015119866116147084
SL_release_pos_z_std_lag1_5g_ratio,-0.05650859598347168
ST_release_pos_z_std_lag1_5g_ratio,-0.08546762691030622
SV_release_pos_z_std_lag1_5g_ratio,
CH_release_speed_count_lag1_5g_ratio,0.03146251623410828
CS_release_speed_count_lag1_5g_ratio,
CU_release_speed_count_lag1_5g_ratio,-0.002691066311468279
FA_release_speed_count_lag1_5g_ratio,
FC_release_speed_count_lag1_5g_ratio,-0.04799044536499615
FF_release_speed_count_lag1_5g_ratio,0.04765239878242649
FS_release_speed_count_lag1_5g_ratio,0.053392961351656165
KC_release_speed_count_lag1_5g_ratio,-0.0019898751296549473
KN_release_speed_count_lag1_5g_ratio,
PO_release_speed_count_lag1_5g_ratio,
SI_release_speed_count_lag1_5g_ratio,0.01572807028166092
SL_release_speed_count_lag1_5g_ratio,0.04834713147632778
ST_release_speed_count_lag1_5g_ratio,-0.049712012740541656
SV_release_speed_count_lag1_5g_ratio,
CH_release_speed_max_lag1_5g_ratio,0.04586577497320164
CS_release_speed_max_lag1_5g_ratio,
CU_release_speed_max_lag1_5g_ratio,-0.027664315167579275
FA_release_speed_max_lag1_5g_ratio,
FC_release_speed_max_lag1_5g_ratio,-0.03821346643986181
FF_release_speed_max_lag1_5g_ratio,0.03000980633682755
FS_release_speed_max_lag1_5g_ratio,0.009987994123734769
KC_release_speed_max_lag1_5g_ratio,-0.013826048844745042
KN_release_speed_max_lag1_5g_ratio,
PO_release_speed_max_lag1_5g_ratio,
SI_release_speed_max_lag1_5g_ratio,-0.0038638954023514256
SL_release_speed_max_lag1_5g_ratio,-0.006598624304465717
ST_release_speed_max_lag1_5g_ratio,0.002449515535038802
SV_release_speed_max_lag1_5g_ratio,
CH_release_speed_mean_lag1_5g_ratio,0.058351160750264704
CS_release_speed_mean_lag1_5g_ratio,
CU_release_speed_mean_lag1_5g_ratio,-0.03983778656928771
FA_release_speed_mean_lag1_5g_ratio,
FC_release_speed_mean_lag1_5g_ratio,-0.03636578930974564
FF_release_speed_mean_lag1_5g_ratio,0.014858843661690754
FS_release_speed_mean_lag1_5g_ratio,-0.033755573614949755
KC_release_speed_mean_lag1_5g_ratio,-0.014436338413271261
KN_release_speed_mean_lag1_5g_ratio,
PO_release_speed_mean_lag1_5g_ratio,
SI_release_speed_mean_lag1_5g_ratio,-0.003931572250999579
SL_release_speed_mean_lag1_5g_ratio,-0.014096212271907247
ST_release_speed_mean_lag1_5g_ratio,0.011663813579281345
SV_release_speed_mean_lag1_5g_ratio,
CH_release_speed_min_lag1_5g_ratio,0.02359120914646312
CS_release_speed_min_lag1_5g_ratio,
CU_release_speed_min_lag1_5g_ratio,-0.008705106608346993
FA_release_speed_min_lag1_5g_ratio,
FC_release_speed_min_lag1_5g_ratio,0.024786544196629103
FF_release_speed_min_lag1_5g_ratio,-0.006435656532542676
FS_release_speed_min_lag1_5g_ratio,-0.047712439312180804
KC_release_speed_min_lag1_5g_ratio,-0.002086585035542342
KN_release_speed_min_lag1_5g_ratio,
PO_release_speed_min_lag1_5g_ratio,
SI_release_speed_min_lag1_5g_ratio,0.008043273475670711
SL_release_speed_min_lag1_5g_ratio,-0.03424830483805392
ST_release_speed_min_lag1_5g_ratio,0.04313609418196472
SV_release_speed_min_lag1_5g_ratio,
CH_release_speed_std_lag1_5g_ratio,-0.028526102847389607
CS_release_speed_std_lag1_5g_ratio,
CU_release_speed_std_lag1_5g_ratio,-0.0018037647724994034
FA_release_speed_std_lag1_5g_ratio,
FC_release_speed_std_lag1_5g_ratio,-0.07013167574831031
FF_release_speed_std_lag1_5g_ratio,0.03198777222870422
FS_release_speed_std_lag1_5g_ratio,0.058254777351146744
KC_release_speed_std_lag1_5g_ratio,-0.007593051890183281
KN_release_speed_std_lag1_5g_ratio,
PO_release_speed_std_lag1_5g_ratio,
SI_release_speed_std_lag1_5g_ratio,-0.004513192351559829
SL_release_speed_std_lag1_5g_ratio,0.01844976440342644
ST_release_speed_std_lag1_5g_ratio,0.02699315277802645
SV_release_speed_std_lag1_5g_ratio,
CH_release_spin_rate_mean_lag1_5g_ratio,0.0861558216883228
CS_release_spin_rate_mean_lag1_5g_ratio,
CU_release_spin_rate_mean_lag1_5g_ratio,-0.06326004851402019
FA_release_spin_rate_mean_lag1_5g_ratio,
FC_release_spin_rate_mean_lag1_5g_ratio,0.08416279904280027
FF_release_spin_rate_mean_lag1_5g_ratio,-0.004034846050361542
FS_release_spin_rate_mean_lag1_5g_ratio,0.05548632662183782
KC_release_spin_rate_mean_lag1_5g_ratio,0.031845669408610965
KN_release_spin_rate_mean_lag1_5g_ratio,
PO_release_spin_rate_mean_lag1_5g_ratio,
SI_release_spin_rate_mean_lag1_5g_ratio,-0.043565906079135054
SL_release_spin_rate_mean_lag1_5g_ratio,-0.07247694116240587
ST_release_spin_rate_mean_lag1_5g_ratio,0.036896963382939005
SV_release_spin_rate_mean_lag1_5g_ratio,
CH_release_spin_rate_std_lag1_5g_ratio,-0.024011493430884198
CS_release_spin_rate_std_lag1_5g_ratio,
CU_release_spin_rate_std_lag1_5g_ratio,-0.02389050610244204
FA_release_spin_rate_std_lag1_5g_ratio,
FC_release_spin_rate_std_lag1_5g_ratio,-0.05150956523646351
FF_release_spin_rate_std_lag1_5g_ratio,0.04338586983123082
FS_release_spin_rate_std_lag1_5g_ratio,0.08604820788433329
KC_release_spin_rate_std_lag1_5g_ratio,0.0797328034258796
KN_release_spin_rate_std_lag1_5g_ratio,
PO_release_spin_rate_std_lag1_5g_ratio,
SI_release_spin_rate_std_lag1_5g_ratio,0.05237752066703932
SL_release_spin_rate_std_lag1_5g_ratio,0.053844177771081886
ST_release_spin_rate_std_lag1_5g_ratio,0.03680563676596685
SV_release_spin_rate_std_lag1_5g_ratio,
pitcher_chg1_5g_ratio,
CH_pfx_x_mean_chg1_5g_ratio,0.012287307503773867
CS_pfx_x_mean_chg1_5g_ratio,
CU_pfx_x_mean_chg1_5g_ratio,-0.002235932264445795
FC_pfx_x_mean_chg1_5g_ratio,0.0038561135990550347
FF_pfx_x_mean_chg1_5g_ratio,-0.002198326821957951
FS_pfx_x_mean_chg1_5g_ratio,0.004868212244855798
KC_pfx_x_mean_chg1_5g_ratio,0.006595430952739477
SI_pfx_x_mean_chg1_5g_ratio,-0.0029319123627950176
SL_pfx_x_mean_chg1_5g_ratio,0.002938813150755287
ST_pfx_x_mean_chg1_5g_ratio,0.0031711455719503935
SV_pfx_x_mean_chg1_5g_ratio,
CH_pfx_x_std_chg1_5g_ratio,0.003932993051707191
CS_pfx_x_std_chg1_5g_ratio,
CU_pfx_x_std_chg1_5g_ratio,-0.0005799892029817934
FC_pfx_x_std_chg1_5g_ratio,-0.0038561135991303564
FF_pfx_x_std_chg1_5g_ratio,-0.0032695041337786816
FS_pfx_x_std_chg1_5g_ratio,-0.004509632107366774
KC_pfx_x_std_chg1_5g_ratio,0.0038610038610066514
SI_pfx_x_std_chg1_5g_ratio,-0.0033278079784995513
SL_pfx_x_std_chg1_5g_ratio,-0.008051472320770662
ST_pfx_x_std_chg1_5g_ratio,-0.005034546825650325
SV_pfx_x_std_chg1_5g_ratio,
CH_pfx_z_mean_chg1_5g_ratio,0.005499982520643381
CS_pfx_z_mean_chg1_5g_ratio,
CU_pfx_z_mean_chg1_5g_ratio,-0.0010599028880307678
FC_pfx_z_mean_chg1_5g_ratio,-0.006802396883788968
FF_pfx_z_mean_chg1_5g_ratio,0.002198326821176751
FS_pfx_z_mean_chg1_5g_ratio,0.001371531618958491
KC_pfx_z_mean_chg1_5g_ratio,0.008163464620810641
SI_pfx_z_mean_chg1_5g_ratio,0.0029242772138821055
SL_pfx_z_mean_chg1_5g_ratio,-0.009817123173565126
ST_pfx_z_mean_chg1_5g_ratio,0.009373352617078544
SV_pfx_z_mean_chg1_5g_ratio,
CH_pfx_z_std_chg1_5g_ratio,-0.0013440865571078158
CS_pfx_z_std_chg1_5g_ratio,
CU_pfx_z_std_chg1_5g_ratio,-0.000824629596130137
FC_pfx_z_std_chg1_5g_ratio,-0.00485192634388432
FF_pfx_z_std_chg1_5g_ratio,-0.002198326822250883
FS_pfx_z_std_chg1_5g_ratio,-0.0047863319694402455
KC_pfx_z_std_chg1_5g_ratio,-0.002270301932034444
SI_pfx_z_std_chg1_5g_ratio,-0.009292672596247479
SL_pfx_z_std_chg1_5g_ratio,-0.009948683152635456
ST_pfx_z_std_chg1_5g_ratio,-0.004955082152897901
SV_pfx_z_std_chg1_5g_ratio,
CH_release_pos_x_mean_chg1_5g_ratio,0.001785041288526476
CS_release_pos_x_mean_chg1_5g_ratio,
CU_release_pos_x_mean_chg1_5g_ratio,-0.003366120334382656
FC_release_pos_x_mean_chg1_5g_ratio,-0.0038561136011748477
FF_release_pos_x_mean_chg1_5g_ratio,0.0021983268219410834
FS_release_pos_x_mean_chg1_5g_ratio,0.009271716638031755
KC_release_pos_x_mean_chg1_5g_ratio,-0.030041457779400094
SI_release_pos_x_mean_chg1_5g_ratio,-0.0026032598254248623
SL_release_pos_x_mean_chg1_5g_ratio,-0.004069051537938651
ST_release_pos_x_mean_chg1_5g_ratio,-0.0036048658153179664
SV_release_pos_x_mean_chg1_5g_ratio,
CH_release_pos_x_std_chg1_5g_ratio,0.0025969340848208977
CS_release_pos_x_std_chg1_5g_ratio,
CU_release_pos_x_std_chg1_5g_ratio,0.0022807121426933327
FC_release_pos_x_std_chg1_5g_ratio,0.002339358018263503
FF_release_pos_x_std_chg1_5g_ratio,-0.0021983268219173797
FS_release_pos_x_std_chg1_5g_ratio,0.00691494957940974
KC_release_pos_x_std_chg1_5g_ratio,0.003861003861004557
SI_release_pos_x_std_chg1_5g_ratio,-0.0029281498717104765
SL_release_pos_x_std_chg1_5g_ratio,-0.017392297591490396
ST_release_pos_x_std_chg1_5g_ratio,0.005057951853643898
SV_release_pos_x_std_chg1_5g_ratio,
CH_release_pos_y_mean_chg1_5g_ratio,0.004829142753127548
CS_release_pos_y_mean_chg1_5g_ratio,
CU_release_pos_y_mean_chg1_5g_ratio,0.009744866857595944
FC_release_pos_y_mean_chg1_5g_ratio,-0.0020756852412831387
FF_release_pos_y_mean_chg1_5g_ratio,0.0034684734997502244
FS_release_pos_y_mean_chg1_5g_ratio,-0.39402820008223266
KC_release_pos_y_mean_chg1_5g_ratio,-0.0038610038610035614
SI_release_pos_y_mean_chg1_5g_ratio,-0.0026032598254382287
SL_release_pos_y_mean_chg1_5g_ratio,0.003473099295601381
ST_release_pos_y_mean_chg1_5g_ratio,0.0036048658150569716
SV_release_pos_y_mean_chg1_5g_ratio,
CH_release_pos_y_std_chg1_5g_ratio,-0.004323055754973973
CS_release_pos_y_std_chg1_5g_ratio,
CU_release_pos_y_std_chg1_5g_ratio,-0.004739823168266445
FC_release_pos_y_std_chg1_5g_ratio,-0.0038613780380925577
FF_release_pos_y_std_chg1_5g_ratio,-0.0021983268219093076
FS_release_pos_y_std_chg1_5g_ratio,-0.0031928363851168205
KC_release_pos_y_std_chg1_5g_ratio,0.003861003861012588
SI_release_pos_y_std_chg1_5g_ratio,0.003213350801153556
SL_release_pos_y_std_chg1_5g_ratio,-0.0017545596809641353
ST_release_pos_y_std_chg1_5g_ratio,0.004345416131404688
SV_release_pos_y_std_chg1_5g_ratio,
CH_release_pos_z_mean_chg1_5g_ratio,0.0021890899080176623
CS_release_pos_z_mean_chg1_5g_ratio,
CU_release_pos_z_mean_chg1_5g_ratio,-0.020709239283298698
FC_release_pos_z_mean_chg1_5g_ratio,0.0038561135991532604
FF_release_pos_z_mean_chg1_5g_ratio,0.0031033893337698267
FS_release_pos_z_mean_chg1_5g_ratio,-0.009216015875831667
KC_release_pos_z_mean_chg1_5g_ratio,0.003818526528427954
SI_release_pos_z_mean_chg1_5g_ratio,-0.006252903426924235
SL_release_pos_z_mean_chg1_5g_ratio,0.0029388131507518188
ST_release_pos_z_mean_chg1_5g_ratio,0.004560075833655194
SV_release_pos_z_mean_chg1_5g_ratio,
CH_release_pos_z_std_chg1_5g_ratio,-0.0025655309127115213
CS_release_pos_z_std_chg1_5g_ratio,
CU_release_pos_z_std_chg1_5g_ratio,0.004088255478514275
FC_release_pos_z_std_chg1_5g_ratio,0.0038561135990779114
FF_release_pos_z_std_chg1_5g_ratio,-0.0002137427332077675
FS_release_pos_z_std_chg1_5g_ratio,0.004885028226608783
KC_release_pos_z_std_chg1_5g_ratio,0.003176324308825177
SI_release_pos_z_std_chg1_5g_ratio,-0.0022052572726113987
SL_release_pos_z_std_chg1_5g_ratio,0.009902855547646115
ST_release_pos_z_std_chg1_5g_ratio,-0.004798096586831591
SV_release_pos_z_std_chg1_5g_ratio,
CH_release_speed_count_chg1_5g_ratio,0.02615333512920516
CS_release_speed_count_chg1_5g_ratio,
CU_release_speed_count_chg1_5g_ratio,-0.05332905948647586
FC_release_speed_count_chg1_5g_ratio,-7.822674565232375e-05
FF_release_speed_count_chg1_5g_ratio,0.034966837236452955
FS_release_speed_count_chg1_5g_ratio,-0.010274390713344714
KC_release_speed_count_chg1_5g_ratio,0.009429756466524377
SI_release_speed_count_chg1_5g_ratio,-0.03328847402534891
SL_release_speed_count_chg1_5g_ratio,-0.02457165238229569
ST_release_speed_count_chg1_5g_ratio,-0.035556615747650316
SV_release_speed_count_chg1_5g_ratio,
CH_release_speed_max_chg1_5g_ratio,-0.003477193427050452
CS_release_speed_max_chg1_5g_ratio,
CU_release_speed_max_chg1_5g_ratio,-0.005016168504411212
FC_release_speed_max_chg1_5g_ratio,0.00044872882599998756
FF_release_speed_max_chg1_5g_ratio,0.0016427316540039453
FS_release_speed_max_chg1_5g_ratio,-0.0060097636337038225
KC_release_speed_max_chg1_5g_ratio,-0.002359217405979968
SI_release_speed_max_chg1_5g_ratio,0.002632106871465717
SL_release_speed_max_chg1_5g_ratio,-0.01508039355685477
ST_release_speed_max_chg1_5g_ratio,-0.0019092610341611195
SV_release_speed_max_chg1_5g_ratio,
CH_release_speed_mean_chg1_5g_ratio,-0.001965589303495594
CS_release_speed_mean_chg1_5g_ratio,
CU_release_speed_mean_chg1_5g_ratio,0.003974687122115828
FC_release_speed_mean_chg1_5g_ratio,-0.0074831099618555335
FF_release_speed_mean_chg1_5g_ratio,0.0025391675327133783
FS_release_speed_mean_chg1_5g_ratio,-0.021203255457488024
KC_release_speed_mean_chg1_5g_ratio,-0.0003145314871255977
SI_release_speed_mean_chg1_5g_ratio,0.003986052400457295
SL_release_speed_mean_chg1_5g_ratio,-0.0029388131507681603
ST_release_speed_mean_chg1_5g_ratio,-0.004814559608055196
SV_release_speed_mean_chg1_5g_ratio,
CH_release_speed_min_chg1_5g_ratio,-0.002309126909108128
CS_release_speed_min_chg1_5g_ratio,
CU_release_speed_min_chg1_5g_ratio,0.0013064868775617517
FC_release_speed_min_chg1_5g_ratio,-0.0044631354013125344
FF_release_speed_min_chg1_5g_ratio,-0.0033306488499293334
FS_release_speed_min_chg1_5g_ratio,-0.0033100557388666507
KC_release_speed_min_chg1_5g_ratio,0.006169377318737558
SI_release_speed_min_chg1_5g_ratio,-0.003742128923311952
SL_release_speed_min_chg1_5g_ratio,0.004420589198822558
ST_release_speed_min_chg1_5g_ratio,-0.0017773253816473907
SV_release_speed_min_chg1_5g_ratio,
CH_release_speed_std_chg1_5g_ratio,0.001217023624608592
CS_release_speed_std_chg1_5g_ratio,
CU_release_speed_std_chg1_5g_ratio,0.004532326495758695
FC_release_speed_std_chg1_5g_ratio,-0.0038561135990774595
FF_release_speed_std_chg1_5g_ratio,-0.0021983268218717334
FS_release_speed_std_chg1_5g_ratio,-0.002814708675920385
KC_release_speed_std_chg1_5g_ratio,0.0038610038610083965
SI_release_speed_std_chg1_5g_ratio,-0.0006267073088608138
SL_release_speed_std_chg1_5g_ratio,0.0030446840235255073
ST_release_speed_std_chg1_5g_ratio,-0.004957757561137469
SV_release_speed_std_chg1_5g_ratio,
CH_release_spin_rate_mean_chg1_5g_ratio,0.010727145578355217
CS_release_spin_rate_mean_chg1_5g_ratio,
CU_release_spin_rate_mean_chg1_5g_ratio,-0.004836621415468318
FC_release_spin_rate_mean_chg1_5g_ratio,0.020884350588150774
FF_release_spin_rate_mean_chg1_5g_ratio,-0.002857220944355608
FS_release_spin_rate_mean_chg1_5g_ratio,-0.004868212244819436
KC_release_spin_rate_mean_chg1_5g_ratio,0.0008214199508423584
SI_release_spin_rate_mean_chg1_5g_ratio,0.002441347168250848
SL_release_spin_rate_mean_chg1_5g_ratio,-0.004888214306952612
ST_release_spin_rate_mean_chg1_5g_ratio,0.007269093057766093
SV_release_spin_rate_mean_chg1_5g_ratio,
CH_release_spin_rate_std_chg1_5g_ratio,0.003334357273666336
CS_release_spin_rate_std_chg1_5g_ratio,
CU_release_spin_rate_std_chg1_5g_ratio,-0.00295454853775719
FC_release_spin_rate_std_chg1_5g_ratio,0.003925691183026263
FF_release_spin_rate_std_chg1_5g_ratio,0.002241966503176172
FS_release_spin_rate_std_chg1_5g_ratio,0.0051333526811993555
KC_release_spin_rate_std_chg1_5g_ratio,0.0040485829959233865
SI_release_spin_rate_std_chg1_5g_ratio,0.004352968588578656
SL_release_spin_rate_std_chg1_5g_ratio,0.0026834867158921066
ST_release_spin_rate_std_chg1_5g_ratio,-0.004942766477470982
SV_release_spin_rate_std_chg1_5g_ratio,
pitcher_roll5_mean_5g_ratio,
CH_pfx_x_mean_roll5_mean_5g_ratio,-0.02311898941074835
CS_pfx_x_mean_roll5_mean_5g_ratio,
CU_pfx_x_mean_roll5_mean_5g_ratio,-0.004377240408223453
FC_pfx_x_mean_roll5_mean_5g_ratio,0.008061985915201757
FF_pfx_x_mean_roll5_mean_5g_ratio,-0.11975365653505643
FS_pfx_x_mean_roll5_mean_5g_ratio,0.011858791575877152
KC_pfx_x_mean_roll5_mean_5g_ratio,0.08604336061163743
SI_pfx_x_mean_roll5_mean_5g_ratio,0.054711060286061104
SL_pfx_x_mean_roll5_mean_5g_ratio,-0.0032877239745545766
ST_pfx_x_mean_roll5_mean_5g_ratio,-0.037118278417082755
SV_pfx_x_mean_roll5_mean_5g_ratio,
CH_pfx_x_std_roll5_mean_5g_ratio,0.01712272684000632
CS_pfx_x_std_roll5_mean_5g_ratio,
CU_pfx_x_std_roll5_mean_5g_ratio,-0.016333881505266525
FC_pfx_x_std_roll5_mean_5g_ratio,-0.01860376879539233
FF_pfx_x_std_roll5_mean_5g_ratio,0.013246257507747687
FS_pfx_x_std_roll5_mean_5g_ratio,0.00881364004257748
KC_pfx_x_std_roll5_mean_5g_ratio,0.08301808073567128
SI_pfx_x_std_roll5_mean_5g_ratio,-0.02619634602361087
SL_pfx_x_std_roll5_mean_5g_ratio,0.0006264700261194709
ST_pfx_x_std_roll5_mean_5g_ratio,0.038250550591988376
SV_pfx_x_std_roll5_mean_5g_ratio,
CH_pfx_z_mean_roll5_mean_5g_ratio,-0.002102478023543863
CS_pfx_z_mean_roll5_mean_5g_ratio,
CU_pfx_z_mean_roll5_mean_5g_ratio,-0.038543523034239364
FC_pfx_z_mean_roll5_mean_5g_ratio,-0.011412078322761914
FF_pfx_z_mean_roll5_mean_5g_ratio,0.03123022050137568
FS_pfx_z_mean_roll5_mean_5g_ratio,0.006264249183078928
KC_pfx_z_mean_roll5_mean_5g_ratio,0.0011084416744889618
SI_pfx_z_mean_roll5_mean_5g_ratio,-0.0017764897842033687
SL_pfx_z_mean_roll5_mean_5g_ratio,-0.011503968534473753
ST_pfx_z_mean_roll5_mean_5g_ratio,-0.0017783442858121527
SV_pfx_z_mean_roll5_mean_5g_ratio,
CH_pfx_z_std_roll5_mean_5g_ratio,0.014475678590816356
CS_pfx_z_std_roll5_mean_5g_ratio,
CU_pfx_z_std_roll5_mean_5g_ratio,-0.04138461612062476
FC_pfx_z_std_roll5_mean_5g_ratio,-0.021218706835729028
FF_pfx_z_std_roll5_mean_5g_ratio,-0.00813066252871215
FS_pfx_z_std_roll5_mean_5g_ratio,0.020059592743964034
KC_pfx_z_std_roll5_mean_5g_ratio,-0.036628153138343576
SI_pfx_z_std_roll5_mean_5g_ratio,-0.015787442531601522
SL_pfx_z_std_roll5_mean_5g_ratio,0.01612958561581169
ST_pfx_z_std_roll5_mean_5g_ratio,0.015854876432691744
SV_pfx_z_std_roll5_mean_5g_ratio,
CH_release_pos_x_mean_roll5_mean_5g_ratio,0.025006300349804642
CS_release_pos_x_mean_roll5_mean_5g_ratio,
CU_release_pos_x_mean_roll5_mean_5g_ratio,0.03951710642689804
FC_release_pos_x_mean_roll5_mean_5g_ratio,0.02612148247887067
FF_release_pos_x_mean_roll5_mean_5g_ratio,0.006090913740333386
FS_release_pos_x_mean_roll5_mean_5g_ratio,-0.013190124922033275
KC_release_pos_x_mean_roll5_mean_5g_ratio,0.015580746001590968
SI_release_pos_x_mean_roll5_mean_5g_ratio,0.03852277924597523
SL_release_pos_x_mean_roll5_mean_5g_ratio,-0.00631179070463786
ST_release_pos_x_mean_roll5_mean_5g_ratio,0.06363650845154113
SV_release_pos_x_mean_roll5_mean_5g_ratio,
CH_release_pos_x_std_roll5_mean_5g_ratio,0.020671513696863913
CS_release_pos_x_std_roll5_mean_5g_ratio,
CU_release_pos_x_std_roll5_mean_5g_ratio,0.013775126040779285
FC_release_pos_x_std_roll5_mean_5g_ratio,0.0160507358137653
FF_release_pos_x_std_roll5_mean_5g_ratio,-0.004301665800839315
FS_release_pos_x_std_roll5_mean_5g_ratio,0.057597539128322515
KC_release_pos_x_std_roll5_mean_5g_ratio,0.09944457283241533
SI_release_pos_x_std_roll5_mean_5g_ratio,0.007650952048425372
SL_release_pos_x_std_roll5_mean_5g_ratio,0.013394911964615978
ST_release_pos_x_std_roll5_mean_5g_ratio,0.01579929505053478
SV_release_pos_x_std_roll5_mean_5g_ratio,
CH_release_pos_y_mean_roll5_mean_5g_ratio,0.005261684524127802
CS_release_pos_y_mean_roll5_mean_5g_ratio,
CU_release_pos_y_mean_roll5_mean_5g_ratio,0.0210564017249675
FC_release_pos_y_mean_roll5_mean_5g_ratio,0.01493941727493261
FF_release_pos_y_mean_roll5_mean_5g_ratio,0.026513957792131834
FS_release_pos_y_mean_roll5_mean_5g_ratio,0.02309768322185623
KC_release_pos_y_mean_roll5_mean_5g_ratio,0.013720800408671317
SI_release_pos_y_mean_roll5_mean_5g_ratio,-0.002042552800971233
SL_release_pos_y_mean_roll5_mean_5g_ratio,0.023174355690641295
ST_release_pos_y_mean_roll5_mean_5g_ratio,-0.004882710192327992
SV_release_pos_y_mean_roll5_mean_5g_ratio,
CH_release_pos_y_std_roll5_mean_5g_ratio,0.006078508954523351
CS_release_pos_y_std_roll5_mean_5g_ratio,
CU_release_pos_y_std_roll5_mean_5g_ratio,0.005151657508284774
FC_release_pos_y_std_roll5_mean_5g_ratio,-0.02982149790553136
FF_release_pos_y_std_roll5_mean_5g_ratio,-0.03536934338301106
FS_release_pos_y_std_roll5_mean_5g_ratio,-0.057884678496321555
KC_release_pos_y_std_roll5_mean_5g_ratio,-0.02640423349750994
SI_release_pos_y_std_roll5_mean_5g_ratio,-0.036040664745077625
SL_release_pos_y_std_roll5_mean_5g_ratio,-0.04468277975049046
ST_release_pos_y_std_roll5_mean_5g_ratio,0.024794395285457682
SV_release_pos_y_std_roll5_mean_5g_ratio,
CH_release_pos_z_mean_roll5_mean_5g_ratio,0.018504284039995666
CS_release_pos_z_mean_roll5_mean_5g_ratio,
CU_release_pos_z_mean_roll5_mean_5g_ratio,-0.009094104895986206
FC_release_pos_z_mean_roll5_mean_5g_ratio,0.012794814105595112
FF_release_pos_z_mean_roll5_mean_5g_ratio,0.020673214670902315
FS_release_pos_z_mean_roll5_mean_5g_ratio,0.1270890813919628
KC_release_pos_z_mean_roll5_mean_5g_ratio,0.10139118320529757
SI_release_pos_z_mean_roll5_mean_5g_ratio,-0.004717675313909663
SL_release_pos_z_mean_roll5_mean_5g_ratio,0.06077557032282859
ST_release_pos_z_mean_roll5_mean_5g_ratio,-0.06313148042354855
SV_release_pos_z_mean_roll5_mean_5g_ratio,
CH_release_pos_z_std_roll5_mean_5g_ratio,0.02317248742426843
CS_release_pos_z_std_roll5_mean_5g_ratio,
CU_release_pos_z_std_roll5_mean_5g_ratio,0.003162022407190011
FC_release_pos_z_std_roll5_mean_5g_ratio,-0.019057306249597433
FF_release_pos_z_std_roll5_mean_5g_ratio,-0.05477747437734883
FS_release_pos_z_std_roll5_mean_5g_ratio,0.020943748847737274
KC_release_pos_z_std_roll5_mean_5g_ratio,0.04705028134149606
SI_release_pos_z_std_roll5_mean_5g_ratio,-0.03853750057720483
SL_release_pos_z_std_roll5_mean_5g_ratio,-0.011861727530503982
ST_release_pos_z_std_roll5_mean_5g_ratio,-0.07787731333598336
SV_release_pos_z_std_roll5_mean_5g_ratio,
CH_release_speed_count_roll5_mean_5g_ratio,0.014953744779807902
CS_release_speed_count_roll5_mean_5g_ratio,
CU_release_speed_count_roll5_mean_5g_ratio,-0.05600161845519916
FC_release_speed_count_roll5_mean_5g_ratio,-0.024891702575135528
FF_release_speed_count_roll5_mean_5g_ratio,-0.009974981647823898
FS_release_speed_count_roll5_mean_5g_ratio,0.02531155282713907
KC_release_speed_count_roll5_mean_5g_ratio,-0.038965894653417134
SI_release_speed_count_roll5_mean_5g_ratio,0.0006661534035854116
SL_release_speed_count_roll5_mean_5g_ratio,-0.010356886924180391
ST_release_speed_count_roll5_mean_5g_ratio,-0.01526389298712253
SV_release_speed_count_roll5_mean_5g_ratio,
CH_release_speed_max_roll5_mean_5g_ratio,-0.012900387576468985
CS_release_speed_max_roll5_mean_5g_ratio,
CU_release_speed_max_roll5_mean_5g_ratio,-0.05070804258376092
FC_release_speed_max_roll5_mean_5g_ratio,-0.06276256594638517
FF_release_speed_max_roll5_mean_5g_ratio,-0.012405698899198042
FS_release_speed_max_roll5_mean_5g_ratio,-0.02148916645647531
KC_release_speed_max_roll5_mean_5g_ratio,-0.001648598006774038
SI_release_speed_max_roll5_mean_5g_ratio,-0.014507300585266341
SL_release_speed_max_roll5_mean_5g_ratio,-0.03445570005454233
ST_release_speed_max_roll5_mean_5g_ratio,-0.06698198051921439
SV_release_speed_max_roll5_mean_5g_ratio,
CH_release_speed_mean_roll5_mean_5g_ratio,-0.02155415887345166
CS_release_speed_mean_roll5_mean_5g_ratio,
CU_release_speed_mean_roll5_mean_5g_ratio,-0.067745059476718
FC_release_speed_mean_roll5_mean_5g_ratio,-0.0538253813595586
FF_release_speed_mean_roll5_mean_5g_ratio,-0.024226807586325956
FS_release_speed_mean_roll5_mean_5g_ratio,-0.061487026193121415
KC_release_speed_mean_roll5_mean_5g_ratio,-0.03247612469179523
SI_release_speed_mean_roll5_mean_5g_ratio,-0.02474380744379385
SL_release_speed_mean_roll5_mean_5g_ratio,-0.04172784959612792
ST_release_speed_mean_roll5_mean_5g_ratio,-0.08124777391914667
SV_release_speed_mean_roll5_mean_5g_ratio,
CH_release_speed_min_roll5_mean_5g_ratio,-0.02014976910405389
CS_release_speed_min_roll5_mean_5g_ratio,
CU_release_speed_min_roll5_mean_5g_ratio,-0.03625210084439057
FC_release_speed_min_roll5_mean_5g_ratio,-0.008392704295456778
FF_release_speed_min_roll5_mean_5g_ratio,-0.017872887494434317
FS_release_speed_min_roll5_mean_5g_ratio,-0.07988271958567708
KC_release_speed_min_roll5_mean_5g_ratio,-0.02299536185728525
SI_release_speed_min_roll5_mean_5g_ratio,-0.028851855114119442
SL_release_speed_min_roll5_mean_5g_ratio,-0.042453606077846553
ST_release_speed_min_roll5_mean_5g_ratio,-0.022231409427607884
SV_release_speed_min_roll5_mean_5g_ratio,
CH_release_speed_std_roll5_mean_5g_ratio,0.009430329425588222
CS_release_speed_std_roll5_mean_5g_ratio,
CU_release_speed_std_roll5_mean_5g_ratio,0.004256784239355802
FC_release_speed_std_roll5_mean_5g_ratio,-0.04084513456570343
FF_release_speed_std_roll5_mean_5g_ratio,0.013141409613091697
FS_release_speed_std_roll5_mean_5g_ratio,0.05552600036888334
KC_release_speed_std_roll5_mean_5g_ratio,0.039961709290188725
SI_release_speed_std_roll5_mean_5g_ratio,-0.015917826149637087
SL_release_speed_std_roll5_mean_5g_ratio,0.019055322510350314
ST_release_speed_std_roll5_mean_5g_ratio,0.007631569922263287
SV_release_speed_std_roll5_mean_5g_ratio,
CH_release_spin_rate_mean_roll5_mean_5g_ratio,-0.05234536114511377
CS_release_spin_rate_mean_roll5_mean_5g_ratio,
CU_release_spin_rate_mean_roll5_mean_5g_ratio,-0.13842057220268403
FC_release_spin_rate_mean_roll5_mean_5g_ratio,0.003493695505478748
FF_release_spin_rate_mean_roll5_mean_5g_ratio,-0.050837762417794606
FS_release_spin_rate_mean_roll5_mean_5g_ratio,0.10079996905553129
KC_release_spin_rate_mean_roll5_mean_5g_ratio,0.008284393363277688
SI_release_spin_rate_mean_roll5_mean_5g_ratio,-0.07545517995594189
SL_release_spin_rate_mean_roll5_mean_5g_ratio,-0.11584371047583858
ST_release_spin_rate_mean_roll5_mean_5g_ratio,-0.05365988314921041
SV_release_spin_rate_mean_roll5_mean_5g_ratio,
CH_release_spin_rate_std_roll5_mean_5g_ratio,0.012897877380498019
CS_release_spin_rate_std_roll5_mean_5g_ratio,
CU_release_spin_rate_std_roll5_mean_5g_ratio,0.012139338877393966
FC_release_spin_rate_std_roll5_mean_5g_ratio,-0.03020773771826637
FF_release_spin_rate_std_roll5_mean_5g_ratio,-0.0030004353881181514
FS_release_spin_rate_std_roll5_mean_5g_ratio,0.04102758038691205
KC_release_spin_rate_std_roll5_mean_5g_ratio,0.12968429664581815
SI_release_spin_rate_std_roll5_mean_5g_ratio,0.019509889737764918
SL_release_spin_rate_std_roll5_mean_5g_ratio,0.02180649931252979
ST_release_spin_rate_std_roll5_mean_5g_ratio,-0.0008501733212015659
SV_release_spin_rate_std_roll5_mean_5g_ratio,
pitcher_roll5_std_5g_ratio,
CH_pfx_x_mean_roll5_std_5g_ratio,0.021108538643237234
CS_pfx_x_mean_roll5_std_5g_ratio,
CU_pfx_x_mean_roll5_std_5g_ratio,0.016399711511041363
FC_pfx_x_mean_roll5_std_5g_ratio,0.02351677049124739
FF_pfx_x_mean_roll5_std_5g_ratio,-0.006154357756408204
FS_pfx_x_mean_roll5_std_5g_ratio,0.00023613718360099184
KC_pfx_x_mean_roll5_std_5g_ratio,0.09699309089438655
SI_pfx_x_mean_roll5_std_5g_ratio,-0.016905635476120458
SL_pfx_x_mean_roll5_std_5g_ratio,0.010528524884341845
ST_pfx_x_mean_roll5_std_5g_ratio,-0.013237969673949123
SV_pfx_x_mean_roll5_std_5g_ratio,
CH_pfx_x_std_roll5_std_5g_ratio,0.0026413874430743995
CS_pfx_x_std_roll5_std_5g_ratio,
CU_pfx_x_std_roll5_std_5g_ratio,-0.06756008717512807
FC_pfx_x_std_roll5_std_5g_ratio,0.043440975357622195
FF_pfx_x_std_roll5_std_5g_ratio,-0.03484449908055172
FS_pfx_x_std_roll5_std_5g_ratio,-0.04674994372433235
KC_pfx_x_std_roll5_std_5g_ratio,0.02894120818964027
SI_pfx_x_std_roll5_std_5g_ratio,-0.025310019203335345
SL_pfx_x_std_roll5_std_5g_ratio,0.028823587724338216
ST_pfx_x_std_roll5_std_5g_ratio,0.03681070124005305
SV_pfx_x_std_roll5_std_5g_ratio,
CH_pfx_z_mean_roll5_std_5g_ratio,0.04903768088439611
CS_pfx_z_mean_roll5_std_5g_ratio,
CU_pfx_z_mean_roll5_std_5g_ratio,0.039147020399669864
FC_pfx_z_mean_roll5_std_5g_ratio,0.008042065872551107
FF_pfx_z_mean_roll5_std_5g_ratio,0.027138260281286047
FS_pfx_z_mean_roll5_std_5g_ratio,0.03230635548870597
KC_pfx_z_mean_roll5_std_5g_ratio,0.06612056876905595
SI_pfx_z_mean_roll5_std_5g_ratio,-0.022358910413178442
SL_pfx_z_mean_roll5_std_5g_ratio,-0.008496077963301022
ST_pfx_z_mean_roll5_std_5g_ratio,-0.045195645369674305
SV_pfx_z_mean_roll5_std_5g_ratio,
CH_pfx_z_std_roll5_std_5g_ratio,0.05811746891426957
CS_pfx_z_std_roll5_std_5g_ratio,
CU_pfx_z_std_roll5_std_5g_ratio,-0.07035903612844317
FC_pfx_z_std_roll5_std_5g_ratio,0.006252916765799392
FF_pfx_z_std_roll5_std_5g_ratio,0.014892644408985608
FS_pfx_z_std_roll5_std_5g_ratio,0.045784265744688434
KC_pfx_z_std_roll5_std_5g_ratio,0.047625040651356886
SI_pfx_z_std_roll5_std_5g_ratio,-0.010669482230485373
SL_pfx_z_std_roll5_std_5g_ratio,0.04357797950340025
ST_pfx_z_std_roll5_std_5g_ratio,0.031944075076511376
SV_pfx_z_std_roll5_std_5g_ratio,
CH_release_pos_x_mean_roll5_std_5g_ratio,0.03713657284783338
CS_release_pos_x_mean_roll5_std_5g_ratio,
CU_release_pos_x_mean_roll5_std_5g_ratio,-0.00954776410463141
FC_release_pos_x_mean_roll5_std_5g_ratio,-0.006328616645508192
FF_release_pos_x_mean_roll5_std_5g_ratio,-0.006080838892969734
FS_release_pos_x_mean_roll5_std_5g_ratio,0.02202227865073474
KC_release_pos_x_mean_roll5_std_5g_ratio,0.012500131384217725
SI_release_pos_x_mean_roll5_std_5g_ratio,-0.03982148662800872
SL_release_pos_x_mean_roll5_std_5g_ratio,0.009521636785775146
ST_release_pos_x_mean_roll5_std_5g_ratio,-0.026101447471900966
SV_release_pos_x_mean_roll5_std_5g_ratio,
CH_release_pos_x_std_roll5_std_5g_ratio,0.03423225973309342
CS_release_pos_x_std_roll5_std_5g_ratio,
CU_release_pos_x_std_roll5_std_5g_ratio,0.02848066030650263
FC_release_pos_x_std_roll5_std_5g_ratio,-0.011953131854669823
FF_release_pos_x_std_roll5_std_5g_ratio,0.011628701699727411
FS_release_pos_x_std_roll5_std_5g_ratio,-0.03201472526100906
KC_release_pos_x_std_roll5_std_5g_ratio,0.030030125141250787
SI_release_pos_x_std_roll5_std_5g_ratio,0.0007176337359857873
SL_release_pos_x_std_roll5_std_5g_ratio,-0.006288262882225011
ST_release_pos_x_std_roll5_std_5g_ratio,0.06232863280742418
SV_release_pos_x_std_roll5_std_5g_ratio,
CH_release_pos_y_mean_roll5_std_5g_ratio,0.04836222434679006
CS_release_pos_y_mean_roll5_std_5g_ratio,
CU_release_pos_y_mean_roll5_std_5g_ratio,-0.043951276077255665
FC_release_pos_y_mean_roll5_std_5g_ratio,-0.05155155004581395
FF_release_pos_y_mean_roll5_std_5g_ratio,-0.02383187694466017
FS_release_pos_y_mean_roll5_std_5g_ratio,-0.08289565854258331
KC_release_pos_y_mean_roll5_std_5g_ratio,-0.06558792564691084
SI_release_pos_y_mean_roll5_std_5g_ratio,-0.001269136171204832
SL_release_pos_y_mean_roll5_std_5g_ratio,0.016451825404369468
ST_release_pos_y_mean_roll5_std_5g_ratio,-0.003397818486534713
SV_release_pos_y_mean_roll5_std_5g_ratio,
CH_release_pos_y_std_roll5_std_5g_ratio,0.006652780368735351
CS_release_pos_y_std_roll5_std_5g_ratio,
CU_release_pos_y_std_roll5_std_5g_ratio,0.028978615570994282
FC_release_pos_y_std_roll5_std_5g_ratio,-0.027072372155341817
FF_release_pos_y_std_roll5_std_5g_ratio,-0.044584536289235366
FS_release_pos_y_std_roll5_std_5g_ratio,-0.048496130045259066
KC_release_pos_y_std_roll5_std_5g_ratio,-0.06555233743327261
SI_release_pos_y_std_roll5_std_5g_ratio,-0.03836211452388065
SL_release_pos_y_std_roll5_std_5g_ratio,-0.00441841758928868
ST_release_pos_y_std_roll5_std_5g_ratio,0.038574096506584596
SV_release_pos_y_std_roll5_std_5g_ratio,
CH_release_pos_z_mean_roll5_std_5g_ratio,-0.021642444228149236
CS_release_pos_z_mean_roll5_std_5g_ratio,
CU_release_pos_z_mean_roll5_std_5g_ratio,0.014260875453458539
FC_release_pos_z_mean_roll5_std_5g_ratio,0.0315264937179435
FF_release_pos_z_mean_roll5_std_5g_ratio,-0.010884526290262002
FS_release_pos_z_mean_roll5_std_5g_ratio,-0.011718589855060918
KC_release_pos_z_mean_roll5_std_5g_ratio,-0.037820927511027946
SI_release_pos_z_mean_roll5_std_5g_ratio,-0.02987440757819157
SL_release_pos_z_mean_roll5_std_5g_ratio,-0.009401949016283573
ST_release_pos_z_mean_roll5_std_5g_ratio,0.03746045474661119
SV_release_pos_z_mean_roll5_std_5g_ratio,
CH_release_pos_z_std_roll5_std_5g_ratio,0.050983612487035104
CS_release_pos_z_std_roll5_std_5g_ratio,
CU_release_pos_z_std_roll5_std_5g_ratio,0.01436661080299649
FC_release_pos_z_std_roll5_std_5g_ratio,0.04583768896520751
FF_release_pos_z_std_roll5_std_5g_ratio,0.034807337211755954
FS_release_pos_z_std_roll5_std_5g_ratio,0.04362875947996293
KC_release_pos_z_std_roll5_std_5g_ratio,0.024098825524871147
SI_release_pos_z_std_roll5_std_5g_ratio,-0.016435333197225607
SL_release_pos_z_std_roll5_std_5g_ratio,-0.007322487282572559
ST_release_pos_z_std_roll5_std_5g_ratio,0.04128908040448873
SV_release_pos_z_std_roll5_std_5g_ratio,
CH_release_speed_count_roll5_std_5g_ratio,0.04788271923609192
CS_release_speed_count_roll5_std_5g_ratio,
CU_release_speed_count_roll5_std_5g_ratio,-0.08974531794009219
FC_release_speed_count_roll5_std_5g_ratio,0.015764481619478403
FF_release_speed_count_roll5_std_5g_ratio,0.03083848154865863
FS_release_speed_count_roll5_std_5g_ratio,-0.001451293124386168
KC_release_speed_count_roll5_std_5g_ratio,0.10876201710540558
SI_release_speed_count_roll5_std_5g_ratio,0.012126055055557127
SL_release_speed_count_roll5_std_5g_ratio,0.0024507054622141798
ST_release_speed_count_roll5_std_5g_ratio,-0.0024047383705972296
SV_release_speed_count_roll5_std_5g_ratio,
CH_release_speed_max_roll5_std_5g_ratio,-0.014153894588873828
CS_release_speed_max_roll5_std_5g_ratio,
CU_release_speed_max_roll5_std_5g_ratio,0.05524797167727313
FC_release_speed_max_roll5_std_5g_ratio,0.021989926907338846
FF_release_speed_max_roll5_std_5g_ratio,-0.044348760039508814
FS_release_speed_max_roll5_std_5g_ratio,-0.007649152456176659
KC_release_speed_max_roll5_std_5g_ratio,0.05860217052414682
SI_release_speed_max_roll5_std_5g_ratio,-0.033306376386605996
SL_release_speed_max_roll5_std_5g_ratio,-0.06735488458153668
ST_release_speed_max_roll5_std_5g_ratio,0.029456935103524592
SV_release_speed_max_roll5_std_5g_ratio,
CH_release_speed_mean_roll5_std_5g_ratio,-0.016018097978266185
CS_release_speed_mean_roll5_std_5g_ratio,
CU_release_speed_mean_roll5_std_5g_ratio,0.06437102255921806
FC_release_speed_mean_roll5_std_5g_ratio,-0.015507960568104953
FF_release_speed_mean_roll5_std_5g_ratio,-0.018185116271688704
FS_release_speed_mean_roll5_std_5g_ratio,0.05094829408758937
KC_release_speed_mean_roll5_std_5g_ratio,0.13858785261951823
SI_release_speed_mean_roll5_std_5g_ratio,-0.041646734665880834
SL_release_speed_mean_roll5_std_5g_ratio,-0.04145827088354864
ST_release_speed_mean_roll5_std_5g_ratio,0.012325120780592502
SV_release_speed_mean_roll5_std_5g_ratio,
CH_release_speed_min_roll5_std_5g_ratio,-0.012560678045419568
CS_release_speed_min_roll5_std_5g_ratio,
CU_release_speed_min_roll5_std_5g_ratio,0.04037180734408543
FC_release_speed_min_roll5_std_5g_ratio,0.008575699773652478
FF_release_speed_min_roll5_std_5g_ratio,0.01040059716995694
FS_release_speed_min_roll5_std_5g_ratio,0.07835813720359354
KC_release_speed_min_roll5_std_5g_ratio,0.16549369463020452
SI_release_speed_min_roll5_std_5g_ratio,-0.044750611732383594
SL_release_speed_min_roll5_std_5g_ratio,0.011796699167181027
ST_release_speed_min_roll5_std_5g_ratio,-0.016808742557382406
SV_release_speed_min_roll5_std_5g_ratio,
CH_release_speed_std_roll5_std_5g_ratio,0.03541354268469636
CS_release_speed_std_roll5_std_5g_ratio,
CU_release_speed_std_roll5_std_5g_ratio,0.09301658652403164
FC_release_speed_std_roll5_std_5g_ratio,0.04616290400679189
FF_release_speed_std_roll5_std_5g_ratio,0.0150571460977988
FS_release_speed_std_roll5_std_5g_ratio,-0.03365316112552071
KC_release_speed_std_roll5_std_5g_ratio,0.09300285076796164
SI_release_speed_std_roll5_std_5g_ratio,-0.06140027039521011
SL_release_speed_std_roll5_std_5g_ratio,0.047679940340114725
ST_release_speed_std_roll5_std_5g_ratio,0.0028971306651115044
SV_release_speed_std_roll5_std_5g_ratio,
CH_release_spin_rate_mean_roll5_std_5g_ratio,-0.025840060330291514
CS_release_spin_rate_mean_roll5_std_5g_ratio,
CU_release_spin_rate_mean_roll5_std_5g_ratio,-0.031444043207840076
FC_release_spin_rate_mean_roll5_std_5g_ratio,-0.04523491361802152
FF_release_spin_rate_mean_roll5_std_5g_ratio,-0.02612940215877454
FS_release_spin_rate_mean_roll5_std_5g_ratio,0.007874903862440942
KC_release_spin_rate_mean_roll5_std_5g_ratio,-0.0034014788455939186
SI_release_spin_rate_mean_roll5_std_5g_ratio,-0.007145820143703436
SL_release_spin_rate_mean_roll5_std_5g_ratio,-0.017635971956267267
ST_release_spin_rate_mean_roll5_std_5g_ratio,0.05719051840247891
SV_release_spin_rate_mean_roll5_std_5g_ratio,
CH_release_spin_rate_std_roll5_std_5g_ratio,0.04512044123489501
CS_release_spin_rate_std_roll5_std_5g_ratio,
CU_release_spin_rate_std_roll5_std_5g_ratio,0.02092148933138393
FC_release_spin_rate_std_roll5_std_5g_ratio,0.013587495441154012
FF_release_spin_rate_std_roll5_std_5g_ratio,-0.008071963028219222
FS_release_spin_rate_std_roll5_std_5g_ratio,0.13053586494682984
KC_release_spin_rate_std_roll5_std_5g_ratio,0.0507228789338513
SI_release_spin_rate_std_roll5_std_5g_ratio,0.022211663092257264
SL_release_spin_rate_std_roll5_std_5g_ratio,0.03913363235688908
ST_release_spin_rate_std_roll5_std_5g_ratio,0.04993936107754869
SV_release_spin_rate_std_roll5_std_5g_ratio,
injured_5g_ratio,
